Estimator,Mean MSE,SD
emcee_median+ridge,0.11779801955180742,0.11437197562206176
emcee_mean+ridge,0.13549036055595498,0.10607437240994184
emcee_mode+ridge,0.16189935332761557,0.13818369253153903
emcee_posterior_mean,0.7579305665132657,1.1389747193676798
emcee_median,5.565139331461365,12.75344759694513
emcee_mode,89.22125270514249,147.70743727896883
emcee_mean,109.5382108888876,180.11250824154112
pls+ridge,0.019559423795520704,0.005033711389915346
ridge,0.02458045252836345,0.005105539456058209
manual+ridge,0.025029348094905757,0.0051827248078978715
pca+ridge,0.025178726541775748,0.005337994055307282
fpca+ridge,0.02523729975432658,0.005654285945540897
pls1,0.025823824766479365,0.005912624099962841
fpls1,0.03047593862836162,0.0066821290368737
apls,0.03065756348706008,0.009200499061448094
flin,0.033340270636368324,0.007838229729997141
lasso,0.03706666409345134,0.009917483356257181
rmh+ridge,0.2901173388861748,0.036336153341888396
